Workbook

Sheet À faire ce mois
A1: À FAIRE / À SURVEILLER
A2: Vue dynamique : cette feuille se met à jour automatiquement selon la date du jour. Elle affiche les retards, les échéances ≤ 30 jours et les déclenchements conditionnels à surveiller.
A3: 🔴 En retard • 🟠 À déclencher • 🟡 À préparer • 🟢 À jour • ⚪ À surveiller / qualifier
A4: Convention | B4: Service | C4: Responsable | D4: Échéance / déclencheur | E4: Alerte | F4: Action
A5: {=_xlfn._xlws.FILTER('Suivi simple'!$C$5:$C$235,(('Suivi simple'!$N$5:$N$235="🔴 En retard")+('Suivi simple'!$N$5:$N$235="🟠 À déclencher")+('Suivi simple'!$N$5:$N$235="⚪ À surveiller")),"")} -> اتفاقیة شراكة متعلقة بالمساھمة في تنظیم تغازوت سورف اكسبو | B5: {=_xlfn._xlws.FILTER('Suivi simple'!#REF!,(('Suivi simple'!$N$5:$N$235="🔴 En retard")+('Suivi simple'!$N$5:$N$235="🟠 À déclencher")+('Suivi simple'!$N$5:$N$235="⚪ À surveiller")),"")} -> #REF! | C5: {=_xlfn._xlws.FILTER('Suivi simple'!#REF!,(('Suivi simple'!$N$5:$N$235="🔴 En retard")+('Suivi simple'!$N$5:$N$235="🟠 À déclencher")+('Suivi simple'!$N$5:$N$235="⚪ À surveiller")),"")} -> #REF! | D5: {=_xlfn._xlws.FILTER('Suivi simple'!$L$5:$L$235,(('Suivi simple'!$N$5:$N$235="🔴 En retard")+('Suivi simple'!$N$5:$N$235="🟠 À déclencher")+('Suivi simple'!$N$5:$N$235="⚪ À surveiller")),"")} -> 46197 | E5: {=_xlfn._xlws.FILTER('Suivi simple'!$N$5:$N$235,(('Suivi simple'!$N$5:$N$235="🔴 En retard")+('Suivi simple'!$N$5:$N$235="🟠 À déclencher")+('Suivi simple'!$N$5:$N$235="⚪ À surveiller")),"")} -> 🔴 En retard | F5: {=_xlfn._xlws.FILTER('Suivi simple'!$T$5:$T$235,(('Suivi simple'!$N$5:$N$235="🔴 En retard")+('Suivi simple'!$N$5:$N$235="🟠 À déclencher")+('Suivi simple'!$N$5:$N$235="⚪ À surveiller")),"")} -> Organiser / régulariser
A6: اتفاقیة شراكة من أجل الترویج السیاحي لجھة سوس ماسة | D6: 46176 | E6: 🔴 En retard | F6: Organiser / régulariser
A7: اتفاقیة شراكة متعلقة بتجدید وإعادة تأھیل الوحدات الفندقیة | D7: 46204 | E7: 🔴 En retard | F7: Organiser / régulariser
A8: اتفاقیة شراكة من اجل تكلیف شركة التنمیة السیاحیة لسوس ماسة بانجاز الدراسات واالشغال المتعلقة بتنمیة القطاع السیاحي خصوصا في المناطق الخلفیة لجھة سوس ماسة | D8: 46204 | E8: 🔴 En retard | F8: Organiser / régulariser
A9: اتفاقیة الشراكة المتعلقة بتكلیف شركة التنمیة الجھویة "التنمیة السیاحیة لسوس ماسة " بإنجاز الدراسات و االشغال المتعلقة بتنمبة القطاع السیاحي خصوصا في المناطق الخلفیة لجھة سوس ماسة | D9: 46204 | E9: 🔴 En retard | F9: Organiser / régulariser
A10: اتفاقیة شراكة متعلقة بتھیئة منطقة مخصصة الستقبال االستثمارات بجماعة امسوان | D10: 46204 | E10: 🔴 En retard | F10: Organiser / régulariser
A11: اتفاقیة الشراكة المتعلقة بتھیئة "نقطة أنشور بتغازوت الستقبال االستثمارات السیاحیة " | D11: 46204 | E11: 🔴 En retard | F11: Organiser / régulariser
A12: اتفاقیة شراكة من اجل تھیئة كورنیش تغازوت | D12: 46204 | E12: 🔴 En retard | F12: Organiser / régulariser
A13: اتفاقیة شراكة بین وزارة السیاحة و الصناعة التقلیدیة و االقتصاد االجتماعي و التضامني و جھة سوس ماسة و المجالس اإلقلیمیة للسیاحة بالجھة | D13: 46266 | E13: 🔴 En retard | F13: Organiser / régulariser
A14: اتفاقیة الشراكة بین جھة سوس ماسة والجامعة الملكیة المغربیة لركوب االمواج | D14: 46268 | E14: 🔴 En retard | F14: Organiser / régulariser
A15: اتفاقیة شراكة بین جھة سوس ماسة وجمعیة التكنولوجیا الزراعیة لسوس ماسة | D15: 0 | E15: ⚪ À surveiller | F15: Vérifier le déclencheur
A16: اتفاقیة شراكة من أجل تمویل مشاریع البحث العلمي بقطاع البستنة تماشیا مع التوجھات االستراتیجیة لمجلس جھة سوس ماسة في تدبیر الماء | D16: 2027 | E16: ⚪ À surveiller | F16: Vérifier le déclencheur
A17: مشروع إتفاقیة شراكة بین جھة سوس ماسة وجمعیة أكادیر ألیوبول؛ | D17: 46163 | E17: 🔴 En retard | F17: Organiser / régulariser
A18: اتفاقیة شراكة إلنشاء مشاریع تربیة األحیاء البحریة مع مجموعة الشباب المقاول "شركة اكوا مول" | D18: سیتم برمجة االجتماع بعد التوصل بتقریر حول حالة تقدم المشروع | E18: ⚪ À surveiller | F18: Vérifier le déclencheur
A19: اتفاقیة شراكة إلنشاء مشاریع تربیة األحیاء البحریة مع مجموعة الشباب المقاول "شركة بلو ھارفست"؛ | D19: سیتم برمجة االجتماع بعد التوصل بتقریر حول حالة تقدم المشروع | E19: ⚪ À surveiller | F19: Vérifier le déclencheur
A20: اتفاقیة شراكة القتناء وتجھیز منصة عائمة لتعبئة و تثمین منتوجات تربیة األحیاء البحریة بین جھة سوس ماسة و الوكالة الوطنیة لتنمیة تربیة األحیاء البحریة وتعاونیة أكواكول سوس ماسة | D20: سیتم برمجة االجتماع بعد التوصل بتقریر حول حالة تقدم المشروع | E20: ⚪ À surveiller | F20: Vérifier le déclencheur
A21: اتفاقیة شراكة بین جھة سوس ماسة ، الوكالة الوطنیة لتنمیة تربیة االحیاء البحریة وشركة لفیكتوار سیفود | D21: سیتم برمجة االجتماع بعد التوصل بتقریر حول حالة تقدم المشروع | E21: ⚪ À surveiller | F21: Vérifier le déclencheur
A22: اتفاقیة شراكة بین جھة سوس ماسة ، الوكالة الوطنیة لتنمیة تربیة االحیاء البحریة وشركة كباكوا | D22: سیتم برمجة االجتماع بعد التوصل بتقریر حول حالة تقدم المشروع | E22: ⚪ À surveiller | F22: Vérifier le déclencheur
A23: اتفاقیة شراكة من أجل تھیئة قطب لتثمین منتوجات االحیاء البحریة -اكوابول تیغرت - في منطقة تیغرت – ایمي ودار | D23: 46295 | E23: 🟠 À déclencher | F23: Préparer la convocation
A24: اتفاقیة شراكة بین الجھة و جمعیة لوجیبول سوس ماسة | D24: 46295 | E24: 🟠 À déclencher | F24: Préparer la convocation
A25: اتفاقیة شراكة حول إحداث تیكنوبارك بمدینة تیزنیت | D25: في انتظار برمجة اجتماع من طرف جماعة تزنیت باعتبارھا رئیسة لجنة التتبع | E25: ⚪ À surveiller | F25: Vérifier le déclencheur
A26: اتفاقیة شراكة من اجل دعم تدبیر واستغالل تكنوبارك اكادیر | D26: االربعاء 08 یولیوز 2026 | E26: ⚪ À surveiller | F26: Vérifier le déclencheur
A27: اتفاقیة شراكة من اجل احداث وتدبیر مركز لتكوین الشباب في مجال JADARA البرمجة الرقمیة بجھة سوس ماسة | D27: الخمیس 09 یولیوز 2026 | E27: ⚪ À surveiller | F27: Vérifier le déclencheur
A28: اتفاقیة شراكة من أجل دعم تدبیر و تنشیط مدینة االبتكار سوس ماسة | D28: الجمعة 10 یولیوز 2026 | E28: ⚪ À surveiller | F28: Vérifier le déclencheur
A29: اتفاقیة شراكة من أجل دعم تكوین و ادماج الشباب في مجل مھن School Digital - الرقمنة بجھة سوس ماسة | D29: تمت مراسلة السید الوالي من اجل برمجة اجتماع لجنة التتبع ارسالیة عدد 842 بتاریخ 10 یونیو 2026 | E29: ⚪ À surveiller | F29: Vérifier le déclencheur
A30: اتفاقیة شراكة خاصة بتجھیز واستغالل وتدبیر تكنوبارك تیزنیت | D30: في انتظار توقیع االتفاقیة من طرف وزارة االنتقال الرقمي و اصالح االدارة | E30: ⚪ À surveiller | F30: Vérifier le déclencheur
A31: اتفاقیة اطار الشراكة لتعزیز البحث العلمي و التكوین واالبتكار في مجال تدبیر الموارد المائیة | D31: في انتظار استكمال التوقیعات من طرف باقي االطراف | E31: ⚪ À surveiller | F31: Vérifier le déclencheur
A32: اتفاقیة شراكة وتعاون مع جمعیة مبادرة سوس ماسة | D32: -09-2026 21 | E32: ⚪ À surveiller | F32: Vérifier le déclencheur
A33: اتفاقیة شراكة الحداث منطقة االنشطة االقتصادیة بمدینة طاطا | D33: مراسلة السید الوالي | E33: ⚪ À surveiller | F33: Vérifier le déclencheur
A34: اتفاقیة شراكة النجاز محطة تصفیة المیاه العادمة بالمنطقة الصناعیة اوالد تایمة | D34: مراسلة السید العامل | E34: ⚪ À surveiller | F34: Vérifier le déclencheur
A35: اتفاقیة شراكة من اجل دعم االستثمار بجھة سوس ماسة في إطار مخطط التسریع الصناعي لفائدة شركة "VETCAM" | D35: 0 | E35: ⚪ À surveiller | F35: Vérifier le déclencheur
A36: اتفاقیة شراكة من اجل انجاز برنامج دعم الشباب لخلق وتطویر انشطة مقاوالتیة صغیرة جدا بجھة سوس ماسة TPE | D36: 46282 | E36: 🔴 En retard | F36: Organiser / régulariser
A37: اتفاقیة شراكة من اجل برنامج دعم الشباب لخلق وتطویر انشطة مدرة للدخل AGR | D37: 46282 | E37: 🔴 En retard | F37: Organiser / régulariser
A38: اتفاقیة شراكة متعلقة بالمساھمة في تمویل احداث وتفعیل الیة لدعم ومواكبة تسریع تطور المقاوالت السیاحیة الصغرى والمتوسطة والصغیرة جدا بجھة سوس ماسة | D38: 46281 | E38: 🔴 En retard | F38: Organiser / régulariser
A39: اتفاقیة اشراكة من اجل انجاز البرنامج الجھوي المندمج لمواكبة المقاوالت الصغیرة و الصغیرة جدا بجھة سوس ماسة ABRID | D39: 46273 | E39: 🔴 En retard | F39: Organiser / régulariser
A40: اتفاقیة الشراكة من أجل دعم التشغیل بمنظومة ترحیل الخدمات بجھة سوس ماسة لفائدة شركة سیكوال | D40: مراسلة السید الوالي | E40: ⚪ À surveiller | F40: Vérifier le déclencheur
A41: اتفاقیة شراكة خاصة بتنزیل البرنامج الجھوي من أجل دعم التشغیل واالستثمار بجھة سوس ماسة | D41: 0 | E41: ⚪ À surveiller | F41: Vérifier le déclencheur
A42: اتفاقیة شراكة دعم ومواكبة األنشطة المدرة للدخل بإقلیم طاطا AGR | D42: 46281 | E42: 🔴 En retard | F42: Organiser / régulariser
A43: اتفاقیة شراكة من أجل إعادة تأھیل المنطقة الصناعیة الیت ملول واحداث نظام تدبیري مستدام بھا | D43: 46211 | E43: 🔴 En retard | F43: Organiser / régulariser
A44: اتفاقیة شراكة انجاز محطات متنقلة لتحلیة میاه البحر وإزالة الملحة | D44: غیر محدد | E44: ⚪ À surveiller | F44: Vérifier le déclencheur
A45: اتفـــاقیة شراكة من أجل إنجاز أشغال الحمایة من الفیضانات للسوق األسبوعي و الدواویر المجاورة بجماعة بونعمان بإقلیم تزنیت | D45: غیر محدد | E45: ⚪ À surveiller | F45: Vérifier le déclencheur
A46: اتفاقیة شراكة و تعاون لتمویل و انجاز مشروع قناة تصریف میاه وادي أوركة للحمایة من خطر الفیضانات بجماعة أوالد دحو بعمالة انزكان أیت ملول و جماعة لكفیفات بإقلیم تارودانت | D46: غیر محدد | E46: ⚪ À surveiller | F46: Vérifier le déclencheur
A47: اتفـــاقیة شراكة تتعلق بأشغال الحمایة من الفیضانات لمركز الجماعة الترابیة بلفاع | D47: غیر محدد | E47: ⚪ À surveiller | F47: Vérifier le déclencheur
A48: اتفاقیة متعلقة بإنجاز مشروع حمایة دوار أیت أمریبط ودوار الدشیرة من خطر الفیضانات بجماعة المعذر الكبیر إقلیم تیزنیت المقدم في إطار طلب المشاریع لسنة2022، الممولة من طرف‘’ صندوق مكافحة آثار الكوارث الطبیعیة. | D48: غیر محدد | E48: ⚪ À surveiller | F48: Vérifier le déclencheur
A49: اتفاقیة شراكة إلنجاز مشروع حمایة جماعة أوالد عیسى من الفیضانات بإقلیم تارودانت | D49: غیر محدد | E49: ⚪ À surveiller | F49: Vérifier le déclencheur
A50: اتفاقیة شراكة متعلقة بإنجاز مشروع حمایة مركز أنزي من الفیضانات بإقلیم تزنیت، المقدم في إطار طلب المشاریع لسنة 2021، الممولة من طرف "صندوق مكافحة آثار الكوارث الطبیعیة" | D50: غیر محدد | E50: ⚪ À surveiller | F50: Vérifier le déclencheur
A51: مشروع حمایة دواویر اساكا، اسملیل، والد مراح، طاكینت من الفیضانات بجماعة الوكوم إقلیم طاطا المقدم في إطار طلب المشاریع لسنة 2021، الممولة من طرف "صندوق مكافحة آثار الكوارث الطبیعیة" | D51: غیر محدد | E51: ⚪ À surveiller | F51: Vérifier le déclencheur
A52: تفـــاقیة شراكة تتعلق بأشغال الحمایة من الفیضانات بجماعة إســـن –إقلیم تارودانت | D52: - | E52: ⚪ À surveiller | F52: Vérifier le déclencheur
A53: مشروع حمایة واحة إسي أیت منصور من الفیضانات بجماعة أفال إغیر إقلیم تزنیت المقدم في إطار طلب المشاریع لسنة 2021، الممولة من طرف "صندوق مكافحة آثار الكوارث الطبیعیة" | D53: - | E53: ⚪ À surveiller | F53: Vérifier le déclencheur
A54: مشروع حمایة حي تمزارت من الفیضانات بجماعة ایت ملول، عمالة انزكان ایت ملول، المقدم في إطار طلب المشاریع لسنة2022، الممولة من طرف "صندوق مكافحة آثار الكوارث الطبیعیة" | D54: غیر محدد | E54: ⚪ À surveiller | F54: Vérifier le déclencheur
A55: مشروع: حمایة مركز تامري من الفیضانات بجماعة تامري عمالة اكادیر ادا وتنان، المقدم في إطار طلب المشاریع لسنة2022، الممولة من طرف "صندوق مكافحة آثار الكوارث الطبیعیة" | D55: غیر محدد | E55: ⚪ À surveiller | F55: Vérifier le déclencheur
... A77: اتفاقیة شراكة من أجل إنجاز مشروع أشغال الوقایة من الفیضانات بدواویر جماعة أدیس إقلیم طاطا )الشطر األول أدیس، تكریح وتكلست(، المقدم في إطار طلب المشاریع لسنة 2024، الممول من طرف "صندوق مكافحة آثار الكوارث الطبیعیة" | D77: غیر محدد | E77: ⚪ À surveiller | F77: Vérifier le déclencheur

Sheet Suivi simple
C1: SUIVI SIMPLE DES CONVENTIONS ET COMITÉS DE SUIVI
C2: Principe : 1 ligne = 1 convention. Mettre à jour seulement « Dernier comité » et « Responsable ». Les alertes indiquent la priorité d'action.
C3: Lecture rapide : 🔴 retard • 🟠 à déclencher • 🟡 à préparer • 🟢 à jour • ⚪ à surveiller / qualifier
A4: Rattachement | B4: Responsable du projet | C4: Convention visée | D4: Session | E4: Date de visa | F4: Présidence du comité | G4: Membres du comité | H4: Fréquence des réunions du comité | I4: Enveloppe Budgetaire | J4: Contribution de la Région | K4: Maitrise d'ouvrage | L4: Maitrise d'ouvrage délégué | M4: prochain comité | N4: Dernier comité | O4: PV | P4: Décision | Q4: Convention | R4: Fiche technique | S4: Statut de la convention | T4: Prochaine échéance | U4: Statut | V4: Nature des fonds | W4: FEC | X4: Programmation annuelle | Y4: montant engagé | Z4: montant versé | AA4: montant versé2 | AB4: Avancement des études | AC4: Avancement des travaux | AD4: Foncier | AE4: commentaire sur la pertinence
A5: direction division service | C5: اتفاقية شراكة مع قرية الاطفال المسعفين بأكادير لدعم تسيير قرية الاطفال المسعفين بأكادير من أجل تعزيز خدماتها الاجتماعية. | D5: année/SO | H5: - | N5: 45797 | P5: A renouveler/ A reconduire tacitemment / A maintenir/ A ne pas renouveler /A résilier | S5: En cours Arrivée à terme Résiliée | T5: 46231 | U5: TENUE/NON TENUE/A TENIR | V5: propres/FEC | W5: Contracté/pas encore | X5: 2026/2027/2027 | AB5: Finalisés/en cours/non entamé | AC5: Finalisés/en cours/non entamé | AD5: Assaini/non
C6: اتفاقية شراكة مع العصبة المغربية لحماية الطفولة للمساهمة في تسيير مركز للا آمنة للأطفال في وضعية صعبة بأيت ملول | H6: كلما دعت الضرورة إلى ذلك | N6: 46030 | T6: 46230 | U6: =IF(ISNUMBER(T6),IF(T6<TODAY(),"🔴 En retard",IF(T6<=TODAY()+30,"🟠 À déclencher",IF(T6<=TODAY()+60,"🟡 À préparer","🟢 À jour"))),IF(T6<>"","⚪ À surveiller",IF(OR(ISNUMBER(SEARCH("besoin",H6)),ISNUMBER(SEARCH("الضرورة",H6))),"⚪ À surveiller","⚪ À qualifier"))) -> 🔴 En retard | AB6: statut/taux | AC6: statut/taux
C7: اتفاقية شراكة من اجل بناء وتجهيز مركب اجتماعي- تربوي لفائدة الأطفال ذوي الاحتياجات الخاصة المحرومين من الأسر | H7: كلما دعت الضرورة إلى ذلك | N7: 45973 | T7: 46233 | U7: =IF(ISNUMBER(T7),IF(T7<TODAY(),"🔴 En retard",IF(T7<=TODAY()+30,"🟠 À déclencher",IF(T7<=TODAY()+60,"🟡 À préparer","🟢 À jour"))),IF(T7<>"","⚪ À surveiller",IF(OR(ISNUMBER(SEARCH("besoin",H7)),ISNUMBER(SEARCH("الضرورة",H7))),"⚪ À surveiller","⚪ À qualifier"))) -> 🔴 En retard
C8: اتفاقية شراكة بشأن برنامج توفير الدعم المالي واللوجستيكي للمركز الوطني محمد السادس للمعاقين -الملحقة الجهوية بأكادير" | H8: كلما دعت الضرورة إلى ذلك | U8: =IF(ISNUMBER(T8),IF(T8<TODAY(),"🔴 En retard",IF(T8<=TODAY()+30,"🟠 À déclencher",IF(T8<=TODAY()+60,"🟡 À préparer","🟢 À jour"))),IF(T8<>"","⚪ À surveiller",IF(OR(ISNUMBER(SEARCH("besoin",H8)),ISNUMBER(SEARCH("الضرورة",H8))),"⚪ À surveiller","⚪ À qualifier"))) -> ⚪ À surveiller
C9: اتفاقية شراكة من أجل بناء مساكن وظيفية لعناصر الدرك الملكي | H9: مرة كل ثلاثة أشهر على الأقل، وكلما دعــت الضرورة لذلك | N9: 46129 | T9: 46238 | U9: =IF(ISNUMBER(T9),IF(T9<TODAY(),"🔴 En retard",IF(T9<=TODAY()+30,"🟠 À déclencher",IF(T9<=TODAY()+60,"🟡 À préparer","🟢 À jour"))),IF(T9<>"","⚪ À surveiller",IF(OR(ISNUMBER(SEARCH("besoin",H9)),ISNUMBER(SEARCH("الضرورة",H9))),"⚪ À surveiller","⚪ À qualifier"))) -> 🔴 En retard
C10: اتفـــاقية شــراكـــةمن اجل تأهيل وتجهيز مؤسسة دار التكافل للأشخاص المسنين بايت ملول | H10: كلما دعت الضرورة إلى ذلك | N10: 46027 | U10: =IF(ISNUMBER(T10),IF(T10<TODAY(),"🔴 En retard",IF(T10<=TODAY()+30,"🟠 À déclencher",IF(T10<=TODAY()+60,"🟡 À préparer","🟢 À jour"))),IF(T10<>"","⚪ À surveiller",IF(OR(ISNUMBER(SEARCH("besoin",H10)),ISNUMBER(SEARCH("الضرورة",H10))),"⚪ À surveiller","⚪ À qualifier"))) -> ⚪ À surveiller
C11: اتفاقية شراكة لاقتناء سيارات النقل المدرسي بعمالات وأقاليم جهة سوس ماسة | H11: بصفة منتظمة، أو كلما دعت الضرورة إلى ذلك | N11: 45244 | T11: 46232 | U11: =IF(ISNUMBER(T11),IF(T11<TODAY(),"🔴 En retard",IF(T11<=TODAY()+30,"🟠 À déclencher",IF(T11<=TODAY()+60,"🟡 À préparer","🟢 À jour"))),IF(T11<>"","⚪ À surveiller",IF(OR(ISNUMBER(SEARCH("besoin",H11)),ISNUMBER(SEARCH("الضرورة",H11))),"⚪ À surveiller","⚪ À qualifier"))) -> 🔴 En retard
C12: اتفاقية شراكة من أجل بناء مرافق إدارية بإقامة الطالبة الجامعية باكادير | H12: كلما دعت الضرورة لذلك | N12: 46002 | T12: 46233 | U12: =IF(ISNUMBER(T12),IF(T12<TODAY(),"🔴 En retard",IF(T12<=TODAY()+30,"🟠 À déclencher",IF(T12<=TODAY()+60,"🟡 À préparer","🟢 À jour"))),IF(T12<>"","⚪ À surveiller",IF(OR(ISNUMBER(SEARCH("besoin",H12)),ISNUMBER(SEARCH("الضرورة",H12))),"⚪ À surveiller","⚪ À qualifier"))) -> 🔴 En retard
C13: اتفاقية شراكة مع جمعية إقامة الطالبة أكادير | H13: كلما دعت الضرورة إلى ذلك | T13: 46267 | U13: =IF(ISNUMBER(T13),IF(T13<TODAY(),"🔴 En retard",IF(T13<=TODAY()+30,"🟠 À déclencher",IF(T13<=TODAY()+60,"🟡 À préparer","🟢 À jour"))),IF(T13<>"","⚪ À surveiller",IF(OR(ISNUMBER(SEARCH("besoin",H13)),ISNUMBER(SEARCH("الضرورة",H13))),"⚪ À surveiller","⚪ À qualifier"))) -> 🔴 En retard
C14: اتفاقية شراكة من أجل تجهيز المركز الجهوي الاجتماعي والتربوي وشبه الطبي والمهني للأشخاص في وضعية إعاقة بالقليعة | H14: بصفة منتظمة وكلما دعت الضرورة إلى ذلك | N14: 46120 | T14: 46294 | U14: =IF(ISNUMBER(T14),IF(T14<TODAY(),"🔴 En retard",IF(T14<=TODAY()+30,"🟠 À déclencher",IF(T14<=TODAY()+60,"🟡 À préparer","🟢 À jour"))),IF(T14<>"","⚪ À surveiller",IF(OR(ISNUMBER(SEARCH("besoin",H14)),ISNUMBER(SEARCH("الضرورة",H14))),"⚪ À surveiller","⚪ À qualifier"))) -> 🟠 À déclencher
C15: اتفاقية شراكة مع مؤسسة للا سلمى للوقاية وعلاج السرطان لتمويل اقتناء أدوية ومواد صيدلية لعلاج السرطان | H15: Non précisé | U15: =IF(ISNUMBER(T15),IF(T15<TODAY(),"🔴 En retard",IF(T15<=TODAY()+30,"🟠 À déclencher",IF(T15<=TODAY()+60,"🟡 À préparer","🟢 À jour"))),IF(T15<>"","⚪ À surveiller",IF(OR(ISNUMBER(SEARCH("besoin",H15)),ISNUMBER(SEARCH("الضرورة",H15))),"⚪ À surveiller","⚪ À qualifier"))) -> ⚪ À qualifier
C16: اتفاقية شراكة مع جمعية عملية البسمة بالمغرب | H16: Non précisé | U16: =IF(ISNUMBER(T16),IF(T16<TODAY(),"🔴 En retard",IF(T16<=TODAY()+30,"🟠 À déclencher",IF(T16<=TODAY()+60,"🟡 À préparer","🟢 À jour"))),IF(T16<>"","⚪ À surveiller",IF(OR(ISNUMBER(SEARCH("besoin",H16)),ISNUMBER(SEARCH("الضرورة",H16))),"⚪ À surveiller","⚪ À qualifier"))) -> ⚪ À qualifier
C17: اتفاقية شراكة مع مؤسسة للا سلمى للوقاية وعلاج السرطان لتمويل اقتناء أدوية ومواد صيدلية لعلاج السرطان | H17: مرتين في السنة أو كلما دعت الضرورة إلى ذلك | T17: 46273 | U17: =IF(ISNUMBER(T17),IF(T17<TODAY(),"🔴 En retard",IF(T17<=TODAY()+30,"🟠 À déclencher",IF(T17<=TODAY()+60,"🟡 À préparer","🟢 À jour"))),IF(T17<>"","⚪ À surveiller",IF(OR(ISNUMBER(SEARCH("besoin",H17)),ISNUMBER(SEARCH("الضرورة",H17))),"⚪ À surveiller","⚪ À qualifier"))) -> 🔴 En retard
C18: اتفاقية شراكة مع جمعية عملية البسمة بالمغرب | H18: مرتين في السنة أو كلما دعت الضرورة إلى ذلك | T18: 46276 | U18: =IF(ISNUMBER(T18),IF(T18<TODAY(),"🔴 En retard",IF(T18<=TODAY()+30,"🟠 À déclencher",IF(T18<=TODAY()+60,"🟡 À préparer","🟢 À jour"))),IF(T18<>"","⚪ À surveiller",IF(OR(ISNUMBER(SEARCH("besoin",H18)),ISNUMBER(SEARCH("الضرورة",H18))),"⚪ À surveiller","⚪ À qualifier"))) -> 🔴 En retard
C19: اتفاقية الشراكة | H19: دورية الاجتماعات | U19: =IF(ISNUMBER(T19),IF(T19<TODAY(),"🔴 En retard",IF(T19<=TODAY()+30,"🟠 À déclencher",IF(T19<=TODAY()+60,"🟡 À préparer","🟢 À jour"))),IF(T19<>"","⚪ À surveiller",IF(OR(ISNUMBER(SEARCH("besoin",H19)),ISNUMBER(SEARCH("الضرورة",H19))),"⚪ À surveiller","⚪ À qualifier"))) -> ⚪ À qualifier
C20: اتفاقية شراكة من أجل احداث فضاء لتنشيط السياحي و الصناعة التقليدية بإداوكنيضيف | H20: مرة في كل 6 أشهر وكلما دعت الضرورة إلى ذلك, | U20: =IF(ISNUMBER(T20),IF(T20<TODAY(),"🔴 En retard",IF(T20<=TODAY()+30,"🟠 À déclencher",IF(T20<=TODAY()+60,"🟡 À préparer","🟢 À jour"))),IF(T20<>"","⚪ À surveiller",IF(OR(ISNUMBER(SEARCH("besoin",H20)),ISNUMBER(SEARCH("الضرورة",H20))),"⚪ À surveiller","⚪ À qualifier"))) -> ⚪ À surveiller
C21: اتفاقية شراكة إطار المتعلقة بمواكبة الفاعلين في قطاع الاقتصاد الاجتماعي و التضامني بالجهة | H21: مرة في كل ستة أشهر وكلما دعت الضرورة إلى دلك | N21: 45547 | T21: 46204 | U21: =IF(ISNUMBER(T21),IF(T21<TODAY(),"🔴 En retard",IF(T21<=TODAY()+30,"🟠 À déclencher",IF(T21<=TODAY()+60,"🟡 À préparer","🟢 À jour"))),IF(T21<>"","⚪ À surveiller",IF(OR(ISNUMBER(SEARCH("besoin",H21)),ISNUMBER(SEARCH("الضرورة",H21))),"⚪ À surveiller","⚪ À qualifier"))) -> 🔴 En retard
C22: اتفاقية شراكة خاصة متعلقة بالتمكين الاقتصادي للنساء بجهة سوس ماسة في قطاع الاقتصاد الاجتماعي و التضامني | H22: مرة كل ستة أشهر وكلما دعت الضرورة الى دلك. | N22: 45547 | T22: 46204 | U22: =IF(ISNUMBER(T22),IF(T22<TODAY(),"🔴 En retard",IF(T22<=TODAY()+30,"🟠 À déclencher",IF(T22<=TODAY()+60,"🟡 À préparer","🟢 À jour"))),IF(T22<>"","⚪ À surveiller",IF(OR(ISNUMBER(SEARCH("besoin",H22)),ISNUMBER(SEARCH("الضرورة",H22))),"⚪ À surveiller","⚪ À qualifier"))) -> 🔴 En retard
C23: اتفاقية شراكة من أجل تنظيم المعارض والأسواق المتنقلة لمنتوجات الاقتصاد الاجتماعي والتضامني | H23: مرة كل ستة أشهر وكلما دعت الضرورة الى دلك. | U23: =IF(ISNUMBER(T23),IF(T23<TODAY(),"🔴 En retard",IF(T23<=TODAY()+30,"🟠 À déclencher",IF(T23<=TODAY()+60,"🟡 À préparer","🟢 À jour"))),IF(T23<>"","⚪ À surveiller",IF(OR(ISNUMBER(SEARCH("besoin",H23)),ISNUMBER(SEARCH("الضرورة",H23))),"⚪ À surveiller","⚪ À qualifier"))) -> ⚪ À surveiller
C24: اتفاقية شراكة من أجل دعم التعاونيات التابعة لعمالات وأقاليم جهة سوس ماسة المنتقاة في إطار الجائزتين الوطنيتين "لالة المتعاونة"و"الجيل المتضامن" | H24: عند التهييء للجائزتين وكلما دعت الضرورة إلى دلك | N24: 46127 | U24: =IF(ISNUMBER(T24),IF(T24<TODAY(),"🔴 En retard",IF(T24<=TODAY()+30,"🟠 À déclencher",IF(T24<=TODAY()+60,"🟡 À préparer","🟢 À jour"))),IF(T24<>"","⚪ À surveiller",IF(OR(ISNUMBER(SEARCH("besoin",H24)),ISNUMBER(SEARCH("الضرورة",H24))),"⚪ À surveiller","⚪ À qualifier"))) -> ⚪ À surveiller
C25: اتفاقية شراكة من أجل تنظيم المعرض الدولي للمنتوجات المحلية بجهة سوس ماسة | H25: قبل تنظيم المعرض وكلما دعت الضرورة الى دلك | N25: 46167 | U25: =IF(ISNUMBER(T25),IF(T25<TODAY(),"🔴 En retard",IF(T25<=TODAY()+30,"🟠 À déclencher",IF(T25<=TODAY()+60,"🟡 À préparer","🟢 À jour"))),IF(T25<>"","⚪ À surveiller",IF(OR(ISNUMBER(SEARCH("besoin",H25)),ISNUMBER(SEARCH("الضرورة",H25))),"⚪ À surveiller","⚪ À qualifier"))) -> ⚪ À surveiller
C26: اتفاقية شراكة من أجل تنظيم المعارض الإقليمية للصناعة التقليدية بجهة سوس ماسة | H26: لتهيء كل المعارض الإقليمية ومواكبة تنظيمها | T26: 46204 | U26: =IF(ISNUMBER(T26),IF(T26<TODAY(),"🔴 En retard",IF(T26<=TODAY()+30,"🟠 À déclencher",IF(T26<=TODAY()+60,"🟡 À préparer","🟢 À jour"))),IF(T26<>"","⚪ À surveiller",IF(OR(ISNUMBER(SEARCH("besoin",H26)),ISNUMBER(SEARCH("الضرورة",H26))),"⚪ À surveiller","⚪ À qualifier"))) -> 🔴 En retard
C27: اتفاقية شراكة من أجل تنظيم المعرض الجهوي للصناعة التقليدية بجهة سوس ماسة | H27: لانتقاء العارضين ولتهيء المعرض الجهوي ومواكبة تنظيمه | N27: 45951 | U27: =IF(ISNUMBER(T27),IF(T27<TODAY(),"🔴 En retard",IF(T27<=TODAY()+30,"🟠 À déclencher",IF(T27<=TODAY()+60,"🟡 À préparer","🟢 À jour"))),IF(T27<>"","⚪ À surveiller",IF(OR(ISNUMBER(SEARCH("besoin",H27)),ISNUMBER(SEARCH("الضرورة",H27))),"⚪ À surveiller","⚪ À qualifier"))) -> ⚪ À qualifier
C28: اتفاقية شراكة مع جمعية سوس ماسة تسويق بشأن التمكين الاقتصادي للنساء والشباب في ميدان قطاع الاقتصاد الاجتماعي والتضامني | H28: مرة كل ستة أشهر وكلما دعت الضرورة إلى دلك | U28: =IF(ISNUMBER(T28),IF(T28<TODAY(),"🔴 En retard",IF(T28<=TODAY()+30,"🟠 À déclencher",IF(T28<=TODAY()+60,"🟡 À préparer","🟢 À jour"))),IF(T28<>"","⚪ À surveiller",IF(OR(ISNUMBER(SEARCH("besoin",H28)),ISNUMBER(SEARCH("الضرورة",H28))),"⚪ À surveiller","⚪ À qualifier"))) -> ⚪ À surveiller
C29: اتفاقية شراكة من أجل مواكبة الصناع التقليديين والتعاونيات الحرفية بجهة سوس ماسة في مجال تقوية وتعزيز قدراتهم الحرفية واقتناء المعدات والمواد الأولية | H29: مرة كل شهرين وكاما دعت الضرورة إلى دلك | N29: 46127 | T29: 46204 | U29: =IF(ISNUMBER(T29),IF(T29<TODAY(),"🔴 En retard",IF(T29<=TODAY()+30,"🟠 À déclencher",IF(T29<=TODAY()+60,"🟡 À préparer","🟢 À jour"))),IF(T29<>"","⚪ À surveiller",IF(OR(ISNUMBER(SEARCH("besoin",H29)),ISNUMBER(SEARCH("الضرورة",H29))),"⚪ À surveiller","⚪ À qualifier"))) -> 🔴 En retard
C30: اتفاقية شراكة تتعلق بإحداث مركب حرفي للفخارة بتزنيت | H30: مرة كل ستة أشهر وكلما دعت الضرورة إلى ذلك | N30: 45992 | U30: =IF(ISNUMBER(T30),IF(T30<TODAY(),"🔴 En retard",IF(T30<=TODAY()+30,"🟠 À déclencher",IF(T30<=TODAY()+60,"🟡 À préparer","🟢 À jour"))),IF(T30<>"","⚪ À surveiller",IF(OR(ISNUMBER(SEARCH("besoin",H30)),ISNUMBER(SEARCH("الضرورة",H30))),"⚪ À surveiller","⚪ À qualifier"))) -> ⚪ À surveiller
C31: اتفاقية شراكة من اجل دعـم أنـدية كـرة القـدم بجهة سوس ماسة | H31: مرة واحدة | N31: 44995 | U31: =IF(ISNUMBER(T31),IF(T31<TODAY(),"🔴 En retard",IF(T31<=TODAY()+30,"🟠 À déclencher",IF(T31<=TODAY()+60,"🟡 À préparer","🟢 À jour"))),IF(T31<>"","⚪ À surveiller",IF(OR(ISNUMBER(SEARCH("besoin",H31)),ISNUMBER(SEARCH("الضرورة",H31))),"⚪ À surveiller","⚪ À qualifier"))) -> ⚪ À qualifier
C32: اتفاقية شراكة مع نادي اولامبيك الدشيرة | H32: مرة واحدة | N32: 44994 | U32: =IF(ISNUMBER(T32),IF(T32<TODAY(),"🔴 En retard",IF(T32<=TODAY()+30,"🟠 À déclencher",IF(T32<=TODAY()+60,"🟡 À préparer","🟢 À jour"))),IF(T32<>"","⚪ À surveiller",IF(OR(ISNUMBER(SEARCH("besoin",H32)),ISNUMBER(SEARCH("الضرورة",H32))),"⚪ À surveiller","⚪ À qualifier"))) -> ⚪ À qualifier
C33: اتفاقية مع الإتحاد الرياضي لحسنية أكادير لكرة القدم | H33: مرة واحدة | N33: 44994 | U33: =IF(ISNUMBER(T33),IF(T33<TODAY(),"🔴 En retard",IF(T33<=TODAY()+30,"🟠 À déclencher",IF(T33<=TODAY()+60,"🟡 À préparer","🟢 À jour"))),IF(T33<>"","⚪ À surveiller",IF(OR(ISNUMBER(SEARCH("besoin",H33)),ISNUMBER(SEARCH("الضرورة",H33))),"⚪ À surveiller","⚪ À qualifier"))) -> ⚪ À qualifier
C34: اتفاقية شراكة مع نادي رجاء اكادير لكرة اليد | H34: مرة واحدة | N34: 44995 | U34: =IF(ISNUMBER(T34),IF(T34<TODAY(),"🔴 En retard",IF(T34<=TODAY()+30,"🟠 À déclencher",IF(T34<=TODAY()+60,"🟡 À préparer","🟢 À jour"))),IF(T34<>"","⚪ À surveiller",IF(OR(ISNUMBER(SEARCH("besoin",H34)),ISNUMBER(SEARCH("الضرورة",H34))),"⚪ À surveiller","⚪ À qualifier"))) -> ⚪ À qualifier
C35: اتفاقية شراكة إحداث مركز جامعي في كرة القدم بتارودانت | H35: مرة كل 3 اشهر و كلما دعت الضرورة لدلك | N35: 45987 | T35: 46079 | U35: =IF(ISNUMBER(T35),IF(T35<TODAY(),"🔴 En retard",IF(T35<=TODAY()+30,"🟠 À déclencher",IF(T35<=TODAY()+60,"🟡 À préparer","🟢 À jour"))),IF(T35<>"","⚪ À surveiller",IF(OR(ISNUMBER(SEARCH("besoin",H35)),ISNUMBER(SEARCH("الضرورة",H35))),"⚪ À surveiller","⚪ À qualifier"))) -> 🔴 En retard
C36: اتفاقية شراكة من اجل دعـم أنـدية كـرة القـدم بجهة سوس ماسة | H36: مرة واحدة | U36: =IF(ISNUMBER(T36),IF(T36<TODAY(),"🔴 En retard",IF(T36<=TODAY()+30,"🟠 À déclencher",IF(T36<=TODAY()+60,"🟡 À préparer","🟢 À jour"))),IF(T36<>"","⚪ À surveiller",IF(OR(ISNUMBER(SEARCH("besoin",H36)),ISNUMBER(SEARCH("الضرورة",H36))),"⚪ À surveiller","⚪ À qualifier"))) -> ⚪ À qualifier
C37: اتفاقية شراكة مع نادي اولمبيك الدشيرة | H37: مرة واحدة | U37: =IF(ISNUMBER(T37),IF(T37<TODAY(),"🔴 En retard",IF(T37<=TODAY()+30,"🟠 À déclencher",IF(T37<=TODAY()+60,"🟡 À préparer","🟢 À jour"))),IF(T37<>"","⚪ À surveiller",IF(OR(ISNUMBER(SEARCH("besoin",H37)),ISNUMBER(SEARCH("الضرورة",H37))),"⚪ À surveiller","⚪ À qualifier"))) -> ⚪ À qualifier
C38: اتفاقية مع الإتحاد الرياضي لحسنية أكادير لكرة القدم | H38: مرة واحدة | U38: =IF(ISNUMBER(T38),IF(T38<TODAY(),"🔴 En retard",IF(T38<=TODAY()+30,"🟠 À déclencher",IF(T38<=TODAY()+60,"🟡 À préparer","🟢 À jour"))),IF(T38<>"","⚪ À surveiller",IF(OR(ISNUMBER(SEARCH("besoin",H38)),ISNUMBER(SEARCH("الضرورة",H38))),"⚪ À surveiller","⚪ À qualifier"))) -> ⚪ À qualifier
C39: اتفاقية شراكة مع نادي رجاء اكادير لكرة اليد | H39: مرة واحدة | U39: =IF(ISNUMBER(T39),IF(T39<TODAY(),"🔴 En retard",IF(T39<=TODAY()+30,"🟠 À déclencher",IF(T39<=TODAY()+60,"🟡 À préparer","🟢 À jour"))),IF(T39<>"","⚪ À surveiller",IF(OR(ISNUMBER(SEARCH("besoin",H39)),ISNUMBER(SEARCH("الضرورة",H39))),"⚪ À surveiller","⚪ À qualifier"))) -> ⚪ À qualifier
C40: اتفاقية شراكة مع نادي امل تزنيت لكرة اليد | H40: مرة واحدة | U40: =IF(ISNUMBER(T40),IF(T40<TODAY(),"🔴 En retard",IF(T40<=TODAY()+30,"🟠 À déclencher",IF(T40<=TODAY()+60,"🟡 À préparer","🟢 À jour"))),IF(T40<>"","⚪ À surveiller",IF(OR(ISNUMBER(SEARCH("besoin",H40)),ISNUMBER(SEARCH("الضرورة",H40))),"⚪ À surveiller","⚪ À qualifier"))) -> ⚪ À qualifier
C41: اتفاقية شراكة لتاهيل و تعشيب و تجهيز ملعب القرب بدوار تدايغت بجماعة الركادة | H41: مرة واحدة | U41: =IF(ISNUMBER(T41),IF(T41<TODAY(),"🔴 En retard",IF(T41<=TODAY()+30,"🟠 À déclencher",IF(T41<=TODAY()+60,"🟡 À préparer","🟢 À jour"))),IF(T41<>"","⚪ À surveiller",IF(OR(ISNUMBER(SEARCH("besoin",H41)),ISNUMBER(SEARCH("الضرورة",H41))),"⚪ À surveiller","⚪ À qualifier"))) -> ⚪ À qualifier
C42: اتفاقية شراكة لتاهيل ملاعب و مرافق النادي الملكي لكرة المضرب باكادير | H42: مرة واحدة | N42: 45259 | U42: =IF(ISNUMBER(T42),IF(T42<TODAY(),"🔴 En retard",IF(T42<=TODAY()+30,"🟠 À déclencher",IF(T42<=TODAY()+60,"🟡 À préparer","🟢 À jour"))),IF(T42<>"","⚪ À surveiller",IF(OR(ISNUMBER(SEARCH("besoin",H42)),ISNUMBER(SEARCH("الضرورة",H42))),"⚪ À surveiller","⚪ À qualifier"))) -> ⚪ À qualifier
C43: اتفاقية شراكة من أجل بناء مركب سوسيو رياضي بجماعة الكردان | H43: مرة كل ثلات اشهر | N43: 45924 | T43: 46015 | U43: =IF(ISNUMBER(T43),IF(T43<TODAY(),"🔴 En retard",IF(T43<=TODAY()+30,"🟠 À déclencher",IF(T43<=TODAY()+60,"🟡 À préparer","🟢 À jour"))),IF(T43<>"","⚪ À surveiller",IF(OR(ISNUMBER(SEARCH("besoin",H43)),ISNUMBER(SEARCH("الضرورة",H43))),"⚪ À surveiller","⚪ À qualifier"))) -> 🔴 En retard
C44: اتفاقية شراكة تتعلق بدعـم أنـدية كـرة القـدم بجهة سوس ماسة | H44: مرة واحدة | N44: 45651 | U44: =IF(ISNUMBER(T44),IF(T44<TODAY(),"🔴 En retard",IF(T44<=TODAY()+30,"🟠 À déclencher",IF(T44<=TODAY()+60,"🟡 À préparer","🟢 À jour"))),IF(T44<>"","⚪ À surveiller",IF(OR(ISNUMBER(SEARCH("besoin",H44)),ISNUMBER(SEARCH("الضرورة",H44))),"⚪ À surveiller","⚪ À qualifier"))) -> ⚪ À qualifier
C45: اتفاقية شراكة مع النادي الرياضي الحسنية أكادير لكرة القدم | H45: مرة واحدة | U45: =IF(ISNUMBER(T45),IF(T45<TODAY(),"🔴 En retard",IF(T45<=TODAY()+30,"🟠 À déclencher",IF(T45<=TODAY()+60,"🟡 À préparer","🟢 À jour"))),IF(T45<>"","⚪ À surveiller",IF(OR(ISNUMBER(SEARCH("besoin",H45)),ISNUMBER(SEARCH("الضرورة",H45))),"⚪ À surveiller","⚪ À qualifier"))) -> ⚪ À qualifier
C46: اتفاقية شراكة مع نادي اولمبيك الدشيرة فرع كرة القدم | H46: مرة واحدة | U46: =IF(ISNUMBER(T46),IF(T46<TODAY(),"🔴 En retard",IF(T46<=TODAY()+30,"🟠 À déclencher",IF(T46<=TODAY()+60,"🟡 À préparer","🟢 À jour"))),IF(T46<>"","⚪ À surveiller",IF(OR(ISNUMBER(SEARCH("besoin",H46)),ISNUMBER(SEARCH("الضرورة",H46))),"⚪ À surveiller","⚪ À qualifier"))) -> ⚪ À qualifier
C47: اتــفـاقــيـة شراكة بين جهة سوس ماسة ونادي رجاء ايت ايعزة لكرة القدم النسوية | H47: مرة واحدة | U47: =IF(ISNUMBER(T47),IF(T47<TODAY(),"🔴 En retard",IF(T47<=TODAY()+30,"🟠 À déclencher",IF(T47<=TODAY()+60,"🟡 À préparer","🟢 À jour"))),IF(T47<>"","⚪ À surveiller",IF(OR(ISNUMBER(SEARCH("besoin",H47)),ISNUMBER(SEARCH("الضرورة",H47))),"⚪ À surveiller","⚪ À qualifier"))) -> ⚪ À qualifier
C48: اتفاقية شراكة مع الجمعية الرياضية صقر أكادير لكرة القدم داخل القاعة | H48: مرة واحدة | U48: =IF(ISNUMBER(T48),IF(T48<TODAY(),"🔴 En retard",IF(T48<=TODAY()+30,"🟠 À déclencher",IF(T48<=TODAY()+60,"🟡 À préparer","🟢 À jour"))),IF(T48<>"","⚪ À surveiller",IF(OR(ISNUMBER(SEARCH("besoin",H48)),ISNUMBER(SEARCH("الضرورة",H48))),"⚪ À surveiller","⚪ À qualifier"))) -> ⚪ À qualifier
C49: اتــفـاقــيـة شراكة بين جهة سوس ماسة ونادي مولودية تيزنيت لكرة الطائرة | H49: مرة واحدة | U49: =IF(ISNUMBER(T49),IF(T49<TODAY(),"🔴 En retard",IF(T49<=TODAY()+30,"🟠 À déclencher",IF(T49<=TODAY()+60,"🟡 À préparer","🟢 À jour"))),IF(T49<>"","⚪ À surveiller",IF(OR(ISNUMBER(SEARCH("besoin",H49)),ISNUMBER(SEARCH("الضرورة",H49))),"⚪ À surveiller","⚪ À qualifier"))) -> ⚪ À qualifier
C50: اتــفـاقــيـة شراكة بين جهة سوس ماسة ونادي أمل تزنيت لكرة اليد | H50: مرة واحدة | U50: =IF(ISNUMBER(T50),IF(T50<TODAY(),"🔴 En retard",IF(T50<=TODAY()+30,"🟠 À déclencher",IF(T50<=TODAY()+60,"🟡 À préparer","🟢 À jour"))),IF(T50<>"","⚪ À surveiller",IF(OR(ISNUMBER(SEARCH("besoin",H50)),ISNUMBER(SEARCH("الضرورة",H50))),"⚪ À surveiller","⚪ À qualifier"))) -> ⚪ À qualifier
C51: اتــفـاقــيـة شراكة بين جهة سوس ماسة ونادي رجاء اكادير لكرة اليد | H51: مرة واحدة | U51: =IF(ISNUMBER(T51),IF(T51<TODAY(),"🔴 En retard",IF(T51<=TODAY()+30,"🟠 À déclencher",IF(T51<=TODAY()+60,"🟡 À préparer","🟢 À jour"))),IF(T51<>"","⚪ À surveiller",IF(OR(ISNUMBER(SEARCH("besoin",H51)),ISNUMBER(SEARCH("الضرورة",H51))),"⚪ À surveiller","⚪ À qualifier"))) -> ⚪ À qualifier
C52: اتــفـاقــيـة شراكة بين جهة سوس ماسة و جمعية نجاح سوس أكادير فرع كرة الطائرة | H52: مرة واحدة | U52: =IF(ISNUMBER(T52),IF(T52<TODAY(),"🔴 En retard",IF(T52<=TODAY()+30,"🟠 À déclencher",IF(T52<=TODAY()+60,"🟡 À préparer","🟢 À jour"))),IF(T52<>"","⚪ À surveiller",IF(OR(ISNUMBER(SEARCH("besoin",H52)),ISNUMBER(SEARCH("الضرورة",H52))),"⚪ À surveiller","⚪ À qualifier"))) -> ⚪ À qualifier
C53: اتفاقية شراكة و تعاون من أجل تنظيم الندوات والتظاهرات الرياضية بجهة سوس ماسة | H53: كلما دعت الضرورة الى ذلك | N53: 45610 | U53: =IF(ISNUMBER(T53),IF(T53<TODAY(),"🔴 En retard",IF(T53<=TODAY()+30,"🟠 À déclencher",IF(T53<=TODAY()+60,"🟡 À préparer","🟢 À jour"))),IF(T53<>"","⚪ À surveiller",IF(OR(ISNUMBER(SEARCH("besoin",H53)),ISNUMBER(SEARCH("الضرورة",H53))),"⚪ À surveiller","⚪ À qualifier"))) -> ⚪ À surveiller
C54: اتفاقية شراكة من أجل إعادة تأهيل مرافق نادي تنس تارودانت | H54: مرة واحدة في السنة | U54: =IF(ISNUMBER(T54),IF(T54<TODAY(),"🔴 En retard",IF(T54<=TODAY()+30,"🟠 À déclencher",IF(T54<=TODAY()+60,"🟡 À préparer","🟢 À jour"))),IF(T54<>"","⚪ À surveiller",IF(OR(ISNUMBER(SEARCH("besoin",H54)),ISNUMBER(SEARCH("الضرورة",H54))),"⚪ À surveiller","⚪ À qualifier"))) -> ⚪ À qualifier
C55: اتفاقية شراكة من أجل بناء و تأهيل المنشآت الرياضية بأولاد تايمة | H55: مرة كل تلاث اشهر | U55: =IF(ISNUMBER(T55),IF(T55<TODAY(),"🔴 En retard",IF(T55<=TODAY()+30,"🟠 À déclencher",IF(T55<=TODAY()+60,"🟡 À préparer","🟢 À jour"))),IF(T55<>"","⚪ À surveiller",IF(OR(ISNUMBER(SEARCH("besoin",H55)),ISNUMBER(SEARCH("الضرورة",H55))),"⚪ À surveiller","⚪ À qualifier"))) -> ⚪ À qualifier
C56: اتفاقية شراكة من أجل المساهمة في إحداث و تجهيز ملاعب القرب بدواوير جماعة اداوكماض | H56: مرة كل تلاث اشهر | U56: =IF(ISNUMBER(T56),IF(T56<TODAY(),"🔴 En retard",IF(T56<=TODAY()+30,"🟠 À déclencher",IF(T56<=TODAY()+60,"🟡 À préparer","🟢 À jour"))),IF(T56<>"","⚪ À surveiller",IF(OR(ISNUMBER(SEARCH("besoin",H56)),ISNUMBER(SEARCH("الضرورة",H56))),"⚪ À surveiller","⚪ À qualifier"))) -> ⚪ À qualifier
C57: اتفاقية شراكة إحداث مركب رياضي بمركز جماعة اكيدي بدائرة تالوين | H57: كلما دعت الضرورة الى ذلك | U57: =IF(ISNUMBER(T57),IF(T57<TODAY(),"🔴 En retard",IF(T57<=TODAY()+30,"🟠 À déclencher",IF(T57<=TODAY()+60,"🟡 À préparer","🟢 À jour"))),IF(T57<>"","⚪ À surveiller",IF(OR(ISNUMBER(SEARCH("besoin",H57)),ISNUMBER(SEARCH("الضرورة",H57))),"⚪ À surveiller","⚪ À qualifier"))) -> ⚪ À surveiller
C58: اتفاقية شراكة تتعلق بدعـم أندية عصبة سوس ماسة لكرة السلة | H58: مرة واحدة | U58: =IF(ISNUMBER(T58),IF(T58<TODAY(),"🔴 En retard",IF(T58<=TODAY()+30,"🟠 À déclencher",IF(T58<=TODAY()+60,"🟡 À préparer","🟢 À jour"))),IF(T58<>"","⚪ À surveiller",IF(OR(ISNUMBER(SEARCH("besoin",H58)),ISNUMBER(SEARCH("الضرورة",H58))),"⚪ À surveiller","⚪ À qualifier"))) -> ⚪ À qualifier
C59: اتفاقية شراكة تتعلق بدعـم أندية عصبة سوس ماسة للريكبي | H59: مرة واحدة | U59: =IF(ISNUMBER(T59),IF(T59<TODAY(),"🔴 En retard",IF(T59<=TODAY()+30,"🟠 À déclencher",IF(T59<=TODAY()+60,"🟡 À préparer","🟢 À jour"))),IF(T59<>"","⚪ À surveiller",IF(OR(ISNUMBER(SEARCH("besoin",H59)),ISNUMBER(SEARCH("الضرورة",H59))),"⚪ À surveiller","⚪ À qualifier"))) -> ⚪ À qualifier
C60: اتفاقية شراكة تتعلق بدعـم أندية عصبة سوس ماسة لكرة اليد | H60: مرة واحدة | U60: =IF(ISNUMBER(T60),IF(T60<TODAY(),"🔴 En retard",IF(T60<=TODAY()+30,"🟠 À déclencher",IF(T60<=TODAY()+60,"🟡 À préparer","🟢 À jour"))),IF(T60<>"","⚪ À surveiller",IF(OR(ISNUMBER(SEARCH("besoin",H60)),ISNUMBER(SEARCH("الضرورة",H60))),"⚪ À surveiller","⚪ À qualifier"))) -> ⚪ À qualifier
C61: اتفاقية شراكة تتعلق بدعـم أندية عصبة سوس ماسة لكرة الطائرة | H61: مرة واحدة | U61: =IF(ISNUMBER(T61),IF(T61<TODAY(),"🔴 En retard",IF(T61<=TODAY()+30,"🟠 À déclencher",IF(T61<=TODAY()+60,"🟡 À préparer","🟢 À jour"))),IF(T61<>"","⚪ À surveiller",IF(OR(ISNUMBER(SEARCH("besoin",H61)),ISNUMBER(SEARCH("الضرورة",H61))),"⚪ À surveiller","⚪ À qualifier"))) -> ⚪ À qualifier
C62: اتفاقية شراكة مع النادي الرياضي الحسنية أكادير لكرة القدم | H62: مرة واحدة | U62: =IF(ISNUMBER(T62),IF(T62<TODAY(),"🔴 En retard",IF(T62<=TODAY()+30,"🟠 À déclencher",IF(T62<=TODAY()+60,"🟡 À préparer","🟢 À jour"))),IF(T62<>"","⚪ À surveiller",IF(OR(ISNUMBER(SEARCH("besoin",H62)),ISNUMBER(SEARCH("الضرورة",H62))),"⚪ À surveiller","⚪ À qualifier"))) -> ⚪ À qualifier
C63: اتــفـاقــيـة شراكة بين جهة سوس ماسة ونادي رجاء ايت ايعزة لكرة القدم النسوية | H63: مرة واحدة | U63: =IF(ISNUMBER(T63),IF(T63<TODAY(),"🔴 En retard",IF(T63<=TODAY()+30,"🟠 À déclencher",IF(T63<=TODAY()+60,"🟡 À préparer","🟢 À jour"))),IF(T63<>"","⚪ À surveiller",IF(OR(ISNUMBER(SEARCH("besoin",H63)),ISNUMBER(SEARCH("الضرورة",H63))),"⚪ À surveiller","⚪ À qualifier"))) -> ⚪ À qualifier
C64: اتفاقية شراكة تتعلق بدعـم أنـدية كـرة القـدم بجهة سوس ماسة | H64: مرة واحدة | U64: =IF(ISNUMBER(T64),IF(T64<TODAY(),"🔴 En retard",IF(T64<=TODAY()+30,"🟠 À déclencher",IF(T64<=TODAY()+60,"🟡 À préparer","🟢 À jour"))),IF(T64<>"","⚪ À surveiller",IF(OR(ISNUMBER(SEARCH("besoin",H64)),ISNUMBER(SEARCH("الضرورة",H64))),"⚪ À surveiller","⚪ À qualifier"))) -> ⚪ À qualifier
C65: اتفاقية شراكة مع جمعية النادي البلدي رجاء أكادير لكرة القدم داخل القاعة | H65: مرة واحدة | U65: =IF(ISNUMBER(T65),IF(T65<TODAY(),"🔴 En retard",IF(T65<=TODAY()+30,"🟠 À déclencher",IF(T65<=TODAY()+60,"🟡 À préparer","🟢 À jour"))),IF(T65<>"","⚪ À surveiller",IF(OR(ISNUMBER(SEARCH("besoin",H65)),ISNUMBER(SEARCH("الضرورة",H65))),"⚪ À surveiller","⚪ À qualifier"))) -> ⚪ À qualifier
... C83: اتفاقية اطار لانجاز مشروع تأهيل ملعب احمد فانا بجماعة الدشيرة الجهادية | H83: كل 6 أشهر على الأقل | U83: =IF(ISNUMBER(T83),IF(T83<TODAY(),"🔴 En retard",IF(T83<=TODAY()+30,"🟠 À déclencher",IF(T83<=TODAY()+60,"🟡 À préparer","🟢 À jour"))),IF(T83<>"","⚪ À surveiller",IF(OR(ISNUMBER(SEARCH("besoin",H83)),ISNUMBER(SEARCH("الضرورة",H83))),"⚪ À surveiller","⚪ À qualifier"))) -> ⚪ À qualifier
C84: اتفاقية شراكة مهرجان تيمتار | H84: شهر فبراير و شهر أكتوبر | N84: 44860 | T84: 46296 | U84: =IF(ISNUMBER(T84),IF(T84<TODAY(),"🔴 En retard",IF(T84<=TODAY()+30,"🟠 À déclencher",IF(T84<=TODAY()+60,"🟡 À préparer","🟢 À jour"))),IF(T84<>"","⚪ À surveiller",IF(OR(ISNUMBER(SEARCH("besoin",H84)),ISNUMBER(SEARCH("الضرورة",H84))),"⚪ À surveiller","⚪ À qualifier"))) -> 🟠 À déclencher
C85: اتفاقية شراكة للمساهمة في تنظيم المهرجان الدولي السينما والهجرة | H85: مرة في السنة وكلما دعت الضرورة لدلك | N85: 45447 | T85: 45812 | U85: =IF(ISNUMBER(T85),IF(T85<TODAY(),"🔴 En retard",IF(T85<=TODAY()+30,"🟠 À déclencher",IF(T85<=TODAY()+60,"🟡 À préparer","🟢 À jour"))),IF(T85<>"","⚪ À surveiller",IF(OR(ISNUMBER(SEARCH("besoin",H85)),ISNUMBER(SEARCH("الضرورة",H85))),"⚪ À surveiller","⚪ À qualifier"))) -> 🔴 En retard
C86: اتفاقية شراكة للمشاركة في معرض الفرس بالجديدة | H86: كلما دعت الضرورة الى ذلك | N86: 46200 | U86: =IF(ISNUMBER(T86),IF(T86<TODAY(),"🔴 En retard",IF(T86<=TODAY()+30,"🟠 À déclencher",IF(T86<=TODAY()+60,"🟡 À préparer","🟢 À jour"))),IF(T86<>"","⚪ À surveiller",IF(OR(ISNUMBER(SEARCH("besoin",H86)),ISNUMBER(SEARCH("الضرورة",H86))),"⚪ À surveiller","⚪ À qualifier"))) -> ⚪ À surveiller
C87: اتفاقية شراكة مع جمعية صبار للفروسية التقليدية | H87: بعد تنظيم دورة معرض الفرس | U87: =IF(ISNUMBER(T87),IF(T87<TODAY(),"🔴 En retard",IF(T87<=TODAY()+30,"🟠 À déclencher",IF(T87<=TODAY()+60,"🟡 À préparer","🟢 À jour"))),IF(T87<>"","⚪ À surveiller",IF(OR(ISNUMBER(SEARCH("besoin",H87)),ISNUMBER(SEARCH("الضرورة",H87))),"⚪ À surveiller","⚪ À qualifier"))) -> ⚪ À qualifier
C88: اتفاقية شراكة مع جمعية فرسان اكادير للفروسية و تربية الخيول | H88: بعد تنظيم دورة معرض الفرس | U88: =IF(ISNUMBER(T88),IF(T88<TODAY(),"🔴 En retard",IF(T88<=TODAY()+30,"🟠 À déclencher",IF(T88<=TODAY()+60,"🟡 À préparer","🟢 À jour"))),IF(T88<>"","⚪ À surveiller",IF(OR(ISNUMBER(SEARCH("besoin",H88)),ISNUMBER(SEARCH("الضرورة",H88))),"⚪ À surveiller","⚪ À qualifier"))) -> ⚪ À qualifier
C89: اتفاقية شراكة لدعم برنامج "ثقافيات" للتكوين في مجال التدبير الثقافي والإبداعي بجهة سوس ماسة | H89: كلما دعت الضرورة الى ذلك | U89: =IF(ISNUMBER(T89),IF(T89<TODAY(),"🔴 En retard",IF(T89<=TODAY()+30,"🟠 À déclencher",IF(T89<=TODAY()+60,"🟡 À préparer","🟢 À jour"))),IF(T89<>"","⚪ À surveiller",IF(OR(ISNUMBER(SEARCH("besoin",H89)),ISNUMBER(SEARCH("الضرورة",H89))),"⚪ À surveiller","⚪ À qualifier"))) -> ⚪ À surveiller
C90: جمعية سنابل سوس انشادن للتبوريدة وتربية الخيول | H90: كلما دعت الضرورة الى ذلك | U90: =IF(ISNUMBER(T90),IF(T90<TODAY(),"🔴 En retard",IF(T90<=TODAY()+30,"🟠 À déclencher",IF(T90<=TODAY()+60,"🟡 À préparer","🟢 À jour"))),IF(T90<>"","⚪ À surveiller",IF(OR(ISNUMBER(SEARCH("besoin",H90)),ISNUMBER(SEARCH("الضرورة",H90))),"⚪ À surveiller","⚪ À qualifier"))) -> ⚪ À surveiller
C91: المساهمة في تنظيم التظاهرات الثقافية والفنية بالجهة | H91: كلما دعت الضرورة الى ذلك | N91: 45994 | U91: =IF(ISNUMBER(T91),IF(T91<TODAY(),"🔴 En retard",IF(T91<=TODAY()+30,"🟠 À déclencher",IF(T91<=TODAY()+60,"🟡 À préparer","🟢 À jour"))),IF(T91<>"","⚪ À surveiller",IF(OR(ISNUMBER(SEARCH("besoin",H91)),ISNUMBER(SEARCH("الضرورة",H91))),"⚪ À surveiller","⚪ À qualifier"))) -> ⚪ À surveiller
C92: اتفاقية شراكةمع جمعية مركز سوس للتنمية التقافية من أجل المساهمة في تنظيم المهرجانات بأقاليم و عمالات بالجهة | H92: كلما دعت الضرورة الى ذلك | N92: 45931 | U92: =IF(ISNUMBER(T92),IF(T92<TODAY(),"🔴 En retard",IF(T92<=TODAY()+30,"🟠 À déclencher",IF(T92<=TODAY()+60,"🟡 À préparer","🟢 À jour"))),IF(T92<>"","⚪ À surveiller",IF(OR(ISNUMBER(SEARCH("besoin",H92)),ISNUMBER(SEARCH("الضرورة",H92))),"⚪ À surveiller","⚪ À qualifier"))) -> ⚪ À surveiller
C93: اتفاقية شراكة من أجل المساهمة في تنظيم المهرجان الدولي تالكيتارت وتالويكاندت أكادير | H93: كلما دعت الضرورة الى ذلك | U93: =IF(ISNUMBER(T93),IF(T93<TODAY(),"🔴 En retard",IF(T93<=TODAY()+30,"🟠 À déclencher",IF(T93<=TODAY()+60,"🟡 À préparer","🟢 À jour"))),IF(T93<>"","⚪ À surveiller",IF(OR(ISNUMBER(SEARCH("besoin",H93)),ISNUMBER(SEARCH("الضرورة",H93))),"⚪ À surveiller","⚪ À qualifier"))) -> ⚪ À surveiller
C94: اتفاقية شراكة وتعاون بين جهة سوس ماسة وجمعية المهرجان الدولي للفيلم الامازيغي اسني ن ورغ | H94: كلما دعت الضرورة الى ذلك | U94: =IF(ISNUMBER(T94),IF(T94<TODAY(),"🔴 En retard",IF(T94<=TODAY()+30,"🟠 À déclencher",IF(T94<=TODAY()+60,"🟡 À préparer","🟢 À jour"))),IF(T94<>"","⚪ À surveiller",IF(OR(ISNUMBER(SEARCH("besoin",H94)),ISNUMBER(SEARCH("الضرورة",H94))),"⚪ À surveiller","⚪ À qualifier"))) -> ⚪ À surveiller
C95: اتفاقية شراكة وتعاون بين جهة سوس ماسة من أجل تنظيم تظاهرة « NOSTALGIA » بجهة سوس ماسة | H95: كلما دعت الضرورة الى ذلك | U95: =IF(ISNUMBER(T95),IF(T95<TODAY(),"🔴 En retard",IF(T95<=TODAY()+30,"🟠 À déclencher",IF(T95<=TODAY()+60,"🟡 À préparer","🟢 À jour"))),IF(T95<>"","⚪ À surveiller",IF(OR(ISNUMBER(SEARCH("besoin",H95)),ISNUMBER(SEARCH("الضرورة",H95))),"⚪ À surveiller","⚪ À qualifier"))) -> ⚪ À surveiller
C96: اتفاقية شراكة مع جمعية الفروسية التقليدية سوس ماسة بالدشيرة من اجل المشاركة في معرض الفرس بالجديدة | H96: كلما دعت الضرورة الى ذلك | U96: =IF(ISNUMBER(T96),IF(T96<TODAY(),"🔴 En retard",IF(T96<=TODAY()+30,"🟠 À déclencher",IF(T96<=TODAY()+60,"🟡 À préparer","🟢 À jour"))),IF(T96<>"","⚪ À surveiller",IF(OR(ISNUMBER(SEARCH("besoin",H96)),ISNUMBER(SEARCH("الضرورة",H96))),"⚪ À surveiller","⚪ À qualifier"))) -> ⚪ À surveiller
C97: اتفاقية شراكة وتعاون بين جهة سوس ماسة و جمعية مهرجان إكودار من أجل تنظيم مهرجان إكودار بجماعة اداوكنيظيف | H97: كلما دعت الضرورة الى ذلك | U97: =IF(ISNUMBER(T97),IF(T97<TODAY(),"🔴 En retard",IF(T97<=TODAY()+30,"🟠 À déclencher",IF(T97<=TODAY()+60,"🟡 À préparer","🟢 À jour"))),IF(T97<>"","⚪ À surveiller",IF(OR(ISNUMBER(SEARCH("besoin",H97)),ISNUMBER(SEARCH("الضرورة",H97))),"⚪ À surveiller","⚪ À qualifier"))) -> ⚪ À surveiller
C98: اتفاقية شراكة من اجل المساهمة في تنظيم التظاهرات الثقافية والفنية بالجهة | H98: كلما دعت الضرورة الى ذلك | N98: 46079 | U98: =IF(ISNUMBER(T98),IF(T98<TODAY(),"🔴 En retard",IF(T98<=TODAY()+30,"🟠 À déclencher",IF(T98<=TODAY()+60,"🟡 À préparer","🟢 À jour"))),IF(T98<>"","⚪ À surveiller",IF(OR(ISNUMBER(SEARCH("besoin",H98)),ISNUMBER(SEARCH("الضرورة",H98))),"⚪ À surveiller","⚪ À qualifier"))) -> ⚪ À surveiller
C99: ملحق رقم 1 لاتفاقية شراكة بين جمعية معرض الفرس وجهة سوس ماسة من أجل تمثيل الجهة في معرض الفرس للجديدة | H99: كلما دعت الضرورة الى ذلك | N99: 46197 | U99: =IF(ISNUMBER(T99),IF(T99<TODAY(),"🔴 En retard",IF(T99<=TODAY()+30,"🟠 À déclencher",IF(T99<=TODAY()+60,"🟡 À préparer","🟢 À jour"))),IF(T99<>"","⚪ À surveiller",IF(OR(ISNUMBER(SEARCH("besoin",H99)),ISNUMBER(SEARCH("الضرورة",H99))),"⚪ À surveiller","⚪ À qualifier"))) -> ⚪ À surveiller
C100: ملحق رقم 1 لاتفاقية شراكة لدعم برنامج "ثقافيات" للتكوين في مجال التدبير الثقافي والإبداعي بجهة سوس ماسة | H100: كلما دعت الضرورة الى ذلك | U100: =IF(ISNUMBER(T100),IF(T100<TODAY(),"🔴 En retard",IF(T100<=TODAY()+30,"🟠 À déclencher",IF(T100<=TODAY()+60,"🟡 À préparer","🟢 À jour"))),IF(T100<>"","⚪ À surveiller",IF(OR(ISNUMBER(SEARCH("besoin",H100)),ISNUMBER(SEARCH("الضرورة",H100))),"⚪ À surveiller","⚪ À qualifier"))) -> ⚪ À surveiller
C101: ملحق رقم 1 لاتفاقية شراكة حول تنظيم وتسيير مهرجان " تيمتار" | H101: شهر فبراير و شهر أكتوبر | T101: 46296 | U101: =IF(ISNUMBER(T101),IF(T101<TODAY(),"🔴 En retard",IF(T101<=TODAY()+30,"🟠 À déclencher",IF(T101<=TODAY()+60,"🟡 À préparer","🟢 À jour"))),IF(T101<>"","⚪ À surveiller",IF(OR(ISNUMBER(SEARCH("besoin",H101)),ISNUMBER(SEARCH("الضرورة",H101))),"⚪ À surveiller","⚪ À qualifier"))) -> 🟠 À déclencher
C102: اتفاقية شراكــة و تعاون من أجل ترميم و تأهيل منارة و سور بجماعة ركادة | H102: مرة كل شهرين على الأقل | N102: 45034 | U102: =IF(ISNUMBER(T102),IF(T102<TODAY(),"🔴 En retard",IF(T102<=TODAY()+30,"🟠 À déclencher",IF(T102<=TODAY()+60,"🟡 À préparer","🟢 À jour"))),IF(T102<>"","⚪ À surveiller",IF(OR(ISNUMBER(SEARCH("besoin",H102)),ISNUMBER(SEARCH("الضرورة",H102))),"⚪ À surveiller","⚪ À qualifier"))) -> ⚪ À qualifier
C103: اتفاقية شراكة و تعاون لترميم و تأهيل قصبة انزكان | H103: كلما دعت الضرورة الى ذلك | T103: 45761 | U103: =IF(ISNUMBER(T103),IF(T103<TODAY(),"🔴 En retard",IF(T103<=TODAY()+30,"🟠 À déclencher",IF(T103<=TODAY()+60,"🟡 À préparer","🟢 À jour"))),IF(T103<>"","⚪ À surveiller",IF(OR(ISNUMBER(SEARCH("besoin",H103)),ISNUMBER(SEARCH("الضرورة",H103))),"⚪ À surveiller","⚪ À qualifier"))) -> 🔴 En retard
C104: اتفاقية شراكة لانشاء مركز للتعريف بتراث المخازن الجماعية ايكودار باقليم اشتوكة أيت باها | H104: مرتين في السنة وكلما دعت الضرورة الى ذلك | N104: 45689 | T104: 45870 | U104: =IF(ISNUMBER(T104),IF(T104<TODAY(),"🔴 En retard",IF(T104<=TODAY()+30,"🟠 À déclencher",IF(T104<=TODAY()+60,"🟡 À préparer","🟢 À jour"))),IF(T104<>"","⚪ À surveiller",IF(OR(ISNUMBER(SEARCH("besoin",H104)),ISNUMBER(SEARCH("الضرورة",H104))),"⚪ À surveiller","⚪ À qualifier"))) -> 🔴 En retard
C105: اتفاقية شراكة حول تأهيل و ترميم أكادير اغير افران باداوكنيظيف | H105: مرة كل شهرين على الأقل | U105: =IF(ISNUMBER(T105),IF(T105<TODAY(),"🔴 En retard",IF(T105<=TODAY()+30,"🟠 À déclencher",IF(T105<=TODAY()+60,"🟡 À préparer","🟢 À jour"))),IF(T105<>"","⚪ À surveiller",IF(OR(ISNUMBER(SEARCH("besoin",H105)),ISNUMBER(SEARCH("الضرورة",H105))),"⚪ À surveiller","⚪ À qualifier"))) -> ⚪ À qualifier
C106: اتفاقية شراكــة لاستكمال ترميم و تأهيل وتدبير المركب التراثي أغناج بتزنيت | H106: اجتماعات دورية | U106: =IF(ISNUMBER(T106),IF(T106<TODAY(),"🔴 En retard",IF(T106<=TODAY()+30,"🟠 À déclencher",IF(T106<=TODAY()+60,"🟡 À préparer","🟢 À jour"))),IF(T106<>"","⚪ À surveiller",IF(OR(ISNUMBER(SEARCH("besoin",H106)),ISNUMBER(SEARCH("الضرورة",H106))),"⚪ À surveiller","⚪ À qualifier"))) -> ⚪ À qualifier
C107: اتفاقية شراكة لاستكمال اشغال ترميم و تاهيل الجزء المتبقي من السور التاريخي لماسة | H107: كلما دعت الضرورة الى ذلك | N107: 45260 | U107: =IF(ISNUMBER(T107),IF(T107<TODAY(),"🔴 En retard",IF(T107<=TODAY()+30,"🟠 À déclencher",IF(T107<=TODAY()+60,"🟡 À préparer","🟢 À jour"))),IF(T107<>"","⚪ À surveiller",IF(OR(ISNUMBER(SEARCH("besoin",H107)),ISNUMBER(SEARCH("الضرورة",H107))),"⚪ À surveiller","⚪ À qualifier"))) -> ⚪ À surveiller
C108: بناء فضاء الداكرة التاريخية للمقاومة و التحرير لفم ازكيد | H108: كلما دعت الضرورة الى ذلك | N108: 46064 | U108: =IF(ISNUMBER(T108),IF(T108<TODAY(),"🔴 En retard",IF(T108<=TODAY()+30,"🟠 À déclencher",IF(T108<=TODAY()+60,"🟡 À préparer","🟢 À jour"))),IF(T108<>"","⚪ À surveiller",IF(OR(ISNUMBER(SEARCH("besoin",H108)),ISNUMBER(SEARCH("الضرورة",H108))),"⚪ À surveiller","⚪ À qualifier"))) -> ⚪ À surveiller
C109: ملحق اتفاقية شراكة لتهيئة و تجهيز"دار الفنون"باكادير | H109: مرة واحدة على الأقل كل ثلاثة أشهر وكلما دعت الضرورة الى ذلك | T109: 46157 | U109: =IF(ISNUMBER(T109),IF(T109<TODAY(),"🔴 En retard",IF(T109<=TODAY()+30,"🟠 À déclencher",IF(T109<=TODAY()+60,"🟡 À préparer","🟢 À jour"))),IF(T109<>"","⚪ À surveiller",IF(OR(ISNUMBER(SEARCH("besoin",H109)),ISNUMBER(SEARCH("الضرورة",H109))),"⚪ À surveiller","⚪ À qualifier"))) -> 🔴 En retard
C110: استكمال اشغال تهيئة و تجهيز مدرج المركب الثقافي الكردان | H110: كلما دعت الضرورة الى ذلك | U110: =IF(ISNUMBER(T110),IF(T110<TODAY(),"🔴 En retard",IF(T110<=TODAY()+30,"🟠 À déclencher",IF(T110<=TODAY()+60,"🟡 À préparer","🟢 À jour"))),IF(T110<>"","⚪ À surveiller",IF(OR(ISNUMBER(SEARCH("besoin",H110)),ISNUMBER(SEARCH("الضرورة",H110))),"⚪ À surveiller","⚪ À qualifier"))) -> ⚪ À surveiller
C111: تجهيز المركز الثقافي بجماعة القليعة | H111: كلما دعت الضرورة الى ذلك | U111: =IF(ISNUMBER(T111),IF(T111<TODAY(),"🔴 En retard",IF(T111<=TODAY()+30,"🟠 À déclencher",IF(T111<=TODAY()+60,"🟡 À préparer","🟢 À jour"))),IF(T111<>"","⚪ À surveiller",IF(OR(ISNUMBER(SEARCH("besoin",H111)),ISNUMBER(SEARCH("الضرورة",H111))),"⚪ À surveiller","⚪ À qualifier"))) -> ⚪ À surveiller
C112: اتفاقية شراكة وتعاونمن أجل المساهمة في استكمال اشغال تهيئة وتجهيز المركب الثقافي بجماعة إيغرم | H112: كلما دعت الضرورة الى ذلك | U112: =IF(ISNUMBER(T112),IF(T112<TODAY(),"🔴 En retard",IF(T112<=TODAY()+30,"🟠 À déclencher",IF(T112<=TODAY()+60,"🟡 À préparer","🟢 À jour"))),IF(T112<>"","⚪ À surveiller",IF(OR(ISNUMBER(SEARCH("besoin",H112)),ISNUMBER(SEARCH("الضرورة",H112))),"⚪ À surveiller","⚪ À qualifier"))) -> ⚪ À surveiller
C113: اتفاقیة شراكة متعلقة بالمساھمة في تنظیم تغازوت سورف اكسبو | H113: تجتمع ھذه اللجنة قبل موعد تنظیم التظاھرة بشھریین على األقل وبعد تنظیمھ بشھرین على األكثر وكلما دعت الضرورة إلى ذلك | I113: 45827 | L113: 46197 | N113: =IF(ISNUMBER(L113),IF(L113<TODAY(),"🔴 En retard",IF(L113<=TODAY()+30,"🟠 À déclencher",IF(L113<=TODAY()+60,"🟡 À préparer","🟢 À jour"))),IF(L113<>"","⚪ À surveiller",IF(OR(ISNUMBER(SEARCH("besoin",H113)),ISNUMBER(SEARCH("الضرورة",H113))),"⚪ À surveiller","⚪ À qualifier"))) -> 🔴 En retard | T113: =IF(N113="🔴 En retard","Organiser / régulariser",IF(N113="🟠 À déclencher","Préparer la convocation",IF(N113="🟡 À préparer","Anticiper avec le responsable",IF(N113="⚪ À surveiller","Vérifier le déclencheur","Aucune action immédiate")))) -> Organiser / régulariser
C114: اتفاقیة شراكة من أجل الترویج السیاحي لجھة سوس ماسة | H114: تجتمع ھذه اللجنة قبل صرف اي دفعة بدعوة من رئیسھا وكلما دعت الضرورة إلى ذلك | I114: 46022 | L114: 46176 | N114: =IF(ISNUMBER(L114),IF(L114<TODAY(),"🔴 En retard",IF(L114<=TODAY()+30,"🟠 À déclencher",IF(L114<=TODAY()+60,"🟡 À préparer","🟢 À jour"))),IF(L114<>"","⚪ À surveiller",IF(OR(ISNUMBER(SEARCH("besoin",H114)),ISNUMBER(SEARCH("الضرورة",H114))),"⚪ À surveiller","⚪ À qualifier"))) -> 🔴 En retard | T114: =IF(N114="🔴 En retard","Organiser / régulariser",IF(N114="🟠 À déclencher","Préparer la convocation",IF(N114="🟡 À préparer","Anticiper avec le responsable",IF(N114="⚪ À surveiller","Vérifier le déclencheur","Aucune action immédiate")))) -> Organiser / régulariser
C115: اتفاقیة شراكة متعلقة بتجدید وإعادة تأھیل الوحدات الفندقیة | H115: كل ستة اشھر | I115: 45995 | L115: 46204 | N115: =IF(ISNUMBER(L115),IF(L115<TODAY(),"🔴 En retard",IF(L115<=TODAY()+30,"🟠 À déclencher",IF(L115<=TODAY()+60,"🟡 À préparer","🟢 À jour"))),IF(L115<>"","⚪ À surveiller",IF(OR(ISNUMBER(SEARCH("besoin",H115)),ISNUMBER(SEARCH("الضرورة",H115))),"⚪ À surveiller","⚪ À qualifier"))) -> 🔴 En retard | T115: =IF(N115="🔴 En retard","Organiser / régulariser",IF(N115="🟠 À déclencher","Préparer la convocation",IF(N115="🟡 À préparer","Anticiper avec le responsable",IF(N115="⚪ À surveiller","Vérifier le déclencheur","Aucune action immédiate")))) -> Organiser / régulariser
C116: اتفاقیة شراكة من اجل تكلیف شركة التنمیة السیاحیة لسوس ماسة بانجاز الدراسات واالشغال المتعلقة بتنمیة القطاع السیاحي خصوصا في المناطق الخلفیة لجھة سوس ماسة | H116: مرة كل ثالثة أشھر | I116: 45995 | L116: 46204 | N116: =IF(ISNUMBER(L116),IF(L116<TODAY(),"🔴 En retard",IF(L116<=TODAY()+30,"🟠 À déclencher",IF(L116<=TODAY()+60,"🟡 À préparer","🟢 À jour"))),IF(L116<>"","⚪ À surveiller",IF(OR(ISNUMBER(SEARCH("besoin",H116)),ISNUMBER(SEARCH("الضرورة",H116))),"⚪ À surveiller","⚪ À qualifier"))) -> 🔴 En retard | T116: =IF(N116="🔴 En retard","Organiser / régulariser",IF(N116="🟠 À déclencher","Préparer la convocation",IF(N116="🟡 À préparer","Anticiper avec le responsable",IF(N116="⚪ À surveiller","Vérifier le déclencheur","Aucune action immédiate")))) -> Organiser / régulariser
C117: اتفاقیة الشراكة المتعلقة بتكلیف شركة التنمیة الجھویة "التنمیة السیاحیة لسوس ماسة " بإنجاز الدراسات و االشغال المتعلقة بتنمبة القطاع السیاحي خصوصا في المناطق الخلفیة لجھة سوس ماسة | H117: كل ستة اشھر و كلما دعت الضرورة الى ذلك | I117: 45995 | L117: 46204 | N117: =IF(ISNUMBER(L117),IF(L117<TODAY(),"🔴 En retard",IF(L117<=TODAY()+30,"🟠 À déclencher",IF(L117<=TODAY()+60,"🟡 À préparer","🟢 À jour"))),IF(L117<>"","⚪ À surveiller",IF(OR(ISNUMBER(SEARCH("besoin",H117)),ISNUMBER(SEARCH("الضرورة",H117))),"⚪ À surveiller","⚪ À qualifier"))) -> 🔴 En retard | T117: =IF(N117="🔴 En retard","Organiser / régulariser",IF(N117="🟠 À déclencher","Préparer la convocation",IF(N117="🟡 À préparer","Anticiper avec le responsable",IF(N117="⚪ À surveiller","Vérifier le déclencheur","Aucune action immédiate")))) -> Organiser / régulariser
...

Sheet Référentiel
A1: Alerte | B1: Signification | C1: Action type | D1: Horizon
A2: 🔴 En retard | B2: Échéance dépassée | C2: Organiser / régulariser immédiatement | D2: Immédiat
A3: 🟠 À déclencher | B3: Échéance dans 30 jours | C3: Préparer convocation et pièces | D3: 0–30 jours
A4: 🟡 À préparer | B4: Échéance dans 31 à 60 jours | C4: Anticiper avec le responsable | D4: 31–60 jours
A5: 🟢 À jour | B5: Pas d’échéance proche | C5: Aucune action immédiate | D5: > 60 jours
A6: ⚪ À surveiller / qualifier | B6: Pas de date fixe ou règle conditionnelle | C6: Vérifier le déclencheur / la clause | D6: Mensuel
A8: Mise à jour | B8: Contenu | C8: Principe | D8: Source
A9: 16/09/2026 | B9: Intégration du service économique | C9: 123 conventions ajoutées au suivi centralisé | D9: Tableau économique partagé antérieurement
A10: Automatique | B10: Feuille « À faire ce mois » | C10: Se recalcule avec TODAY() à chaque ouverture/recalcul Excel | D10: Formules dynamiques FILTER + statuts
